bin,n,p_mean,y_mean,model
0,575180,1.304722648033525e-06,0.0,cnn
1,621904,2.793525507956212e-06,1.6079652164964368e-06,cnn
2,602540,1.2920211597376404e-05,6.63856341487702e-06,cnn
3,599760,0.00010792571925569951,0.00010837668400693611,cnn
4,599908,0.0007709339065819845,0.0006667689045653667,cnn
5,600248,0.002345010584813583,0.002307379616425211,cnn
6,600360,0.004876962700248504,0.00457891931507762,cnn
7,599768,0.01004089796313038,0.009987195048752184,cnn
8,599968,0.01659541440598837,0.01669255693636994,cnn
9,600364,0.034856406575421064,0.0347272654589549,cnn
0,599969,0.00040843564438858314,1.000051669336249e-05,glm
1,596495,0.0009214703841399629,3.352919974182516e-05,glm
2,594582,0.0017141105986014074,0.00022200470246324308,glm
3,608784,0.0025766678603864907,0.0008377355515256643,glm
4,599096,0.0034512313143528583,0.0019662958858012738,glm
5,582607,0.004589872740303263,0.0024510519097779462,glm
6,618273,0.006181462480544819,0.00500102705439183,glm
7,595209,0.008368169710268738,0.009181648798993294,glm
8,603126,0.011784030552283378,0.015552305820011075,glm
9,601859,0.028690129475181434,0.03364076968193547,glm
0,598988,0.0001547009966234561,0.0,lstm
1,596664,0.00021583039188734088,1.675985144067683e-05,lstm
2,604260,0.00027738831957287825,2.8133584880680502e-05,lstm
3,590776,0.0004983710837815871,0.0002149714951182851,lstm
4,608796,0.00109522037795466,0.0010397571600339029,lstm
5,600100,0.0023835401848105067,0.002539576737210465,lstm
6,600200,0.005228787148566851,0.005254915028323892,lstm
7,590488,0.010174263106849758,0.010862202110796493,lstm
8,609540,0.01623108749271992,0.01698329888112347,lstm
9,600188,0.034162370538286024,0.032034962378454754,lstm
0,599988,3.198879939277608e-05,1.66670000066668e-06,transformer
1,599967,7.1473154920183e-05,1.0000550030251663e-05,transformer
2,599698,0.00013993530361792214,4.002014347221435e-05,transformer
3,600143,0.0003108924195144257,0.00021161623146483423,transformer
4,600062,0.0008369491108345155,0.0008982405151467681,transformer
5,599512,0.0020086555596509183,0.0026271367378801424,transformer
6,600577,0.004583602912082482,0.005018507202240512,transformer
7,599224,0.010205739095414966,0.010682148912593621,transformer
8,599943,0.015767087663672286,0.016666583325415915,transformer
9,600886,0.029472927132955153,0.032904743994701155,transformer
