cell_type,method,target,pred_count,gt_mean,gt_std,abs_error,n_pulses,intensity,dose,mean_freq,freq_std,within3
pc,ours,20,19.99845250447591,10.375,11.240968597056039,9.625,28,0.4974716634712238,69.64603288597134,28.0,17.402613201987588,0.15625
pc,constant,20,19.99938201904297,9.53125,11.263836976692268,10.46875,56,0.30182367452865044,84.51062886802212,56.0,0.0,0.15625
pc,random,20,19.996578852335613,10.625,11.313017943944047,9.375,26,0.5424589516224374,70.51966371091687,26.0,18.957057020039105,0.15625
pc,oracle,20,36.297995249430336,19.90625,15.990933710621778,0.09375,55,1.0,275.0,55.0,7.105427357601002e-15,0.15625
pv,ours,20,15.282925287882486,31.0625,22.104775360767636,11.0625,45,0.999919236547969,224.98182822329304,45.0,10.39265536333239,0.15625
pv,constant,20,17.355398813883465,34.15625,23.886593225855798,14.15625,52,0.9999991036985858,259.9997669616323,52.0,0.0,0.15625
pv,random,20,11.280945777893066,29.5625,21.35260156866137,9.5625,42,0.9922086511148729,208.3638167341233,42.0,15.716577548078757,0.1875
pv,oracle,20,5.597559928894043,20.21875,17.868852745419893,0.21875,22,1.0,110.0,22.0,0.0,0.1875
som,ours,20,19.99996566772461,13.5625,13.30633660140912,6.4375,37,0.782061039797672,144.68129236256934,37.0,16.000294129904155,0.125
som,constant,20,20.000720342000324,14.15625,13.912919748834176,5.84375,40,0.836268605654231,167.2537211308462,40.0,0.0,0.1875
som,random,20,20.013813654581707,13.96875,13.508063274855504,6.03125,34,0.9713075187484578,165.1222781872378,34.0,16.585884979599165,0.15625
som,oracle,20,33.07695325215658,18.375,16.526021148479753,1.625,59,1.0,295.0,59.0,0.0,0.125
