bin_auroc,bin_auprc,bin_brier,n_bin_trials,evoked_r2,evoked_mae,evoked_rmse,evoked_spearman,total_r2,total_mae,total_rmse,total_spearman,psth_r,model,seed,split,n_trials
0.8411026422679257,0.036087456013510794,0.006473713788585112,2000,0.7841368242040705,3.690050101924999,5.524224155428152,0.8790133264889005,0.7914040317542704,4.1320955941831405,6.058530864566743,0.8787271057831176,0.2819948816943812,glm,11,val,7000
0.8414842847424793,0.036174662505617614,0.006477380086496114,2000,0.7683924249349179,3.701891451320158,5.7221388409572045,0.8815198698019857,0.779644340128796,4.142740608931431,6.226965715797614,0.8807529915971457,0.28160400550670184,glm,22,val,7000
0.842492606144112,0.036105976744008145,0.006480153447716021,2000,0.742060518320675,3.877348547856738,6.03866479772882,0.8882351813812996,0.7568705612357246,4.334357775562739,6.540834242949055,0.8882728461407106,0.27756053476409015,glm,33,val,7000
0.8479912233732403,0.03640611183666475,0.006875417744449672,2000,0.6916882802091467,4.087345768802052,7.133984678120405,0.8891254230201802,0.7029595672559084,4.618564407061664,7.873803721540332,0.8893479367738059,0.2779495139493092,glm,11,test_id,7000
0.8487770032801254,0.03664433057216998,0.006881143642915298,2000,0.6638800589707463,4.082201584526239,7.448765372227667,0.8920426945539315,0.6815901215566414,4.602185496818017,8.152110663257595,0.8920621214446112,0.2775904852695529,glm,22,test_id,7000
0.8496136339322631,0.03688429851664038,0.006875564718885834,2000,0.6803640205709797,4.152959340259336,7.263818516306593,0.8916527413844968,0.6988367654988852,4.678646792813099,7.928258036345706,0.8919613909015626,0.2723134883182798,glm,33,test_id,7000
0.8650067740637415,0.06220646345834114,0.017091176657883442,2000,-4.026623775198682,21.28237527645299,28.31088645221221,0.7400215022570265,-2.928194427456266,21.351886222954718,28.327518720854524,0.7474050819521699,0.702473476549958,glm,11,test_ood_proto,5000
0.8652399788942897,0.062097266884870175,0.017715758180237486,2000,-4.651415374416031,22.538076123256523,30.018839013505914,0.7312498366401792,-3.4178523386221755,22.608893379864746,30.041225524361664,0.7381537303798303,0.7029026746248005,glm,22,test_ood_proto,5000
0.8645891410756905,0.06259108018590002,0.016252120078166104,2000,-3.9393031843942277,21.13939335986607,28.063906181197567,0.7575052899784405,-2.891415490022962,21.292607777570556,28.194594267059625,0.76537562620054,0.6977097352881779,glm,33,test_ood_proto,5000
0.8225225243411258,0.04765296400310953,0.01076794342107396,2000,0.5735975544273375,6.8022669804357125,12.643238529402478,0.9024363814573618,0.5970538204012439,7.22626640945651,13.130140130489192,0.9039374756665416,0.35495592961019407,glm,11,test_ood_freq,3000
0.8252348157519066,0.04775080521671693,0.010794197346975176,2000,0.47783816780140376,6.673698249912076,13.991073878364245,0.9114580433897267,0.513832060416493,7.079074441217499,14.422448530278077,0.9125729448737157,0.35076990039685124,glm,22,test_ood_freq,3000
0.8216860649890838,0.04739923993076756,0.010800804289589376,2000,0.5557838915568555,6.577364984685554,12.90463245480076,0.9012697651163758,0.5883917976542077,6.952923844969131,13.270517228121603,0.9035265428007555,0.3352559897979683,glm,33,test_ood_freq,3000
0.8558513360573211,0.06397855208206128,0.011256670894375117,2000,0.10586026719133146,7.265977265952294,16.215627817332578,0.8995067435390632,0.20892709683822108,7.532148463358388,16.45751017993222,0.9011118582189687,0.6116414788344502,glm,11,test_ood_int,3000
0.8568565528926197,0.06325705631882236,0.011526267138602496,2000,-0.5383142177649514,8.922973976575467,21.269319632537883,0.905722559121045,-0.3402875245232104,9.176661926948618,21.421746003868094,0.9065428693383993,0.6120725799270128,glm,22,test_ood_int,3000
0.8511274001281288,0.06300745570253194,0.011484004108414403,2000,-0.6790438932769958,9.651923746508007,22.220923058141228,0.8898424382101966,-0.46371299436415714,9.947744120600827,22.38637849187702,0.8911007036745623,0.5926106808038728,glm,33,test_ood_int,3000
0.8639847511173326,0.04105355276342404,0.00642691081105677,2000,0.9785159149249455,1.0870455486817119,1.7427714760250415,0.964927897251587,0.9802381485191127,1.167142238384553,1.8647825011520023,0.9670057283987241,0.31832457425167665,cnn,11,val,7000
0.8640258056280227,0.04113134217211358,0.006426680503964734,2000,0.9778273779827416,1.1083153682958813,1.7704780149463921,0.9652422591278194,0.9796375287845688,1.190604880729591,1.892908456135118,0.9673714979355343,0.3180708439251401,cnn,22,val,7000
0.8639412269503849,0.04100228897710386,0.006427103187376454,2000,0.9760384634362621,1.1371637126690657,1.8405149253003115,0.9646337127237311,0.9777797535208169,1.225652310055415,1.9773739374093926,0.9668201614555246,0.3179826805770976,cnn,33,val,7000
0.869397700086196,0.04457609604198753,0.0068142180317826385,2000,0.9814097310135931,1.0862252078524899,1.7517817284301265,0.9640014337347947,0.9829755048307406,1.170708225292902,1.8850111407102463,0.9667491268633929,0.3152757576432903,cnn,11,test_id,7000
0.8694743989407041,0.04469195527864699,0.0068136819249949914,2000,0.9804023914627737,1.1063320603928362,1.7986170025998252,0.9642355178293068,0.9822041787462614,1.1876291685487324,1.9272400735970823,0.9670370261468233,0.3181070295279708,cnn,22,test_id,7000
0.8694899957704425,0.04468087758218103,0.00681386489124309,2000,0.9806714607725372,1.1058186869110427,1.78622709114738,0.9642072487644556,0.9822257745104364,1.1970435732903264,1.9260703367229237,0.9669072629837782,0.3181306166518751,cnn,33,test_id,7000
0.8782498070077874,0.07303551180893451,0.008347683142717102,2000,0.9577226991438268,2.037019331904994,2.59638387737267,0.978715950457272,0.9649882790521143,2.0949063057603414,2.6743532808072144,0.9803998866558651,0.7218819588986695,cnn,11,test_ood_proto,5000
0.8784838974008535,0.07364102397177578,0.008339535996311332,2000,0.9578796370467334,1.984329839665786,2.5915603683003936,0.9786349360705935,0.9649531887873385,2.0426839259752256,2.6756931215861144,0.9803613334585652,0.7228904254578763,cnn,22,test_ood_proto,5000
0.8782240739746701,0.07308618070691542,0.008324655020757785,2000,0.9671346495839864,1.709303634050088,2.289203551358138,0.981251864637652,0.9717282486918604,1.7855893839319323,2.403191634687492,0.982702747878582,0.7223752688400455,cnn,33,test_ood_proto,5000
0.8457873971448565,0.055577218020098546,0.010666731641155228,2000,0.96942182203985,1.890079157467183,3.385745344599457,0.9781896010505468,0.9726429596910202,1.9361143534724596,3.4212152167934455,0.9798266742654034,0.3802399486173179,cnn,11,test_ood_freq,3000
0.8461404130953426,0.05598500518012716,0.010664423158557663,2000,0.9712851665586375,1.819965025624374,3.280965311888814,0.9788119807816855,0.974149222289624,1.8705158041295438,3.3256967531764885,0.9804610890075313,0.37908422945577075,cnn,22,test_ood_freq,3000
0.845546823211779,0.05545107823639901,0.010667098856902861,2000,0.9715326927463893,1.8733556287423692,3.2667934974978774,0.9775669647970566,0.9742393213052742,1.9280695503193501,3.3198960853494635,0.9792024453813007,0.38050115897328807,cnn,33,test_ood_freq,3000
0.8724019866926203,0.0793620588687416,0.01061289664304741,2000,0.9737437426750694,1.6477630092190552,2.778737236275299,0.9863924118628223,0.9753853926185185,1.7338013812439363,2.90303541844205,0.9871610909106934,0.6333908706030998,cnn,11,test_ood_int,3000
0.8724887668861209,0.07897542560587456,0.010612689603176855,2000,0.9729548370097864,1.6658300300213968,2.820173792122128,0.9865953418210138,0.9747734417941335,1.7499435407233817,2.9389004728046433,0.9874366199486115,0.6338791368611306,cnn,22,test_ood_int,3000
0.8723965782629904,0.07915421206862527,0.01061312534589695,2000,0.9722510136671334,1.713056759250696,2.8566342066729797,0.985908486532375,0.973999621908787,1.805242411745945,2.983635114473285,0.9867526596807155,0.6336529011298799,cnn,33,test_ood_int,3000
0.8501026702077253,0.031769777344098214,0.006463047615479389,2000,0.9368627111241004,1.7932158066797337,2.987617372493864,0.9454349621762784,0.9425248510515437,2.0485752904532877,3.1801999203201077,0.9472571140130489,0.1979063498991842,lstm,11,val,7000
0.849933796955101,0.03158669441413821,0.006463444906637864,2000,0.9328430304844064,1.8656492727855096,3.0812543985022782,0.943204943948239,0.9386472252139738,2.1038623262514466,3.285726982846586,0.945626722901815,0.1922707526258617,lstm,22,val,7000
0.8495290795279831,0.031580663738489556,0.006462880756767559,2000,0.9364688916818309,1.8039808458959368,2.996920533851274,0.9431268623167813,0.9423593614451505,2.049731729434562,3.1847750431963284,0.944683018935812,0.18956738552155358,lstm,33,val,7000
0.8558991182879726,0.03350365682855611,0.006856998345178031,2000,0.933500903967583,1.8566439281034317,3.3131799628083525,0.9484243725430676,0.9399728175325518,2.1362674189856707,3.539572233367791,0.9501017991217348,0.19953193170783243,lstm,11,test_id,7000
0.8549208196519664,0.03331588233045325,0.006857154942751476,2000,0.9266743795643733,1.9342607975133912,3.479084912884627,0.9446898150553807,0.9338671302082291,2.1913754440818782,3.7152281144905857,0.9475455386943896,0.19408855389320748,lstm,22,test_id,7000
0.855820197166934,0.03388354895200414,0.006854415139503598,2000,0.9409011534469172,1.7577898044979665,3.1233931803985007,0.9469033152725468,0.9477121788946576,2.0095974291969325,3.303521003379499,0.9486929913997615,0.1946597377666363,lstm,33,test_id,7000
0.8687811893706657,0.05794372494556038,0.008388635309020011,2000,0.9134271421433702,2.6434051630870554,3.715404942763729,0.9498894055569186,0.9230275123314742,2.8930806517566205,3.9653343211668965,0.9538958734472353,0.6854962022659334,lstm,11,test_ood_proto,5000
0.8683778521759777,0.06033902877261338,0.00844121129615709,2000,0.8754411800228011,3.1298223213176186,4.456588343501447,0.9417777305162747,0.8890659783610457,3.394704052841611,4.760410740664899,0.9464241269239428,0.6815347719363823,lstm,22,test_ood_proto,5000
0.869682099270399,0.06220416191470627,0.008381265547026725,2000,0.9307796284184743,2.34268057251916,3.322249467980437,0.951362121568071,0.9378839935835366,2.5695143727017684,3.562163183383077,0.9547846840752233,0.6807314826678804,lstm,33,test_ood_proto,5000
0.8247153077057756,0.042838687291786984,0.010744951233071837,2000,0.844906315923334,4.0755672039782125,7.6251000096114705,0.9438804327953391,0.8593937978370025,4.311271171501663,7.756183562304258,0.9474362002946364,0.31105122185450146,lstm,11,test_ood_freq,3000
0.8236905480094473,0.04316772916819295,0.010743936943086011,2000,0.8458496213120454,4.18687035039399,7.601876084328387,0.937084728992009,0.8607274109416833,4.383863876321489,7.719313239983551,0.9416309094642963,0.3084223389068613,lstm,22,test_ood_freq,3000
0.8238780156460351,0.04427180601893549,0.010740641070922744,2000,0.8530865621152575,4.035045313404329,7.42128737095869,0.936305252416626,0.867784336044062,4.24724430853012,7.52120272930719,0.940660353786216,0.3117057863599797,lstm,33,test_ood_freq,3000
0.8569748796178733,0.05919362332304037,0.010730972864655937,2000,0.8152182484250531,3.9861470589060533,7.371580467063916,0.947699869567445,0.8348002754355851,4.190538827905102,7.520739351513966,0.9506815587517713,0.565818714133064,lstm,11,test_ood_int,3000
0.856859484790568,0.06353268185435729,0.010722590375285475,2000,0.8275701363585422,3.967636341537339,7.120939782221177,0.9442073203009782,0.8452398070113764,4.141227785602377,7.279231130396619,0.9476368406652338,0.5587259449086536,lstm,22,test_ood_int,3000
0.8574043304278428,0.06620816472211422,0.010714378009216314,2000,0.8510616918519794,3.628515635871328,6.61811453515853,0.9471294633148194,0.867939689386162,3.776319929229639,6.724221876281106,0.9499843479334326,0.5548522154420766,lstm,33,test_ood_int,3000
0.855137841450355,0.03605954182786947,0.006445992219341623,2000,0.9663853774565987,1.3751296995438917,2.179947983892174,0.9603954128983812,0.969203885191966,1.4822085404973175,2.3278893565024816,0.9627666987372974,0.275507372319434,transformer,11,val,7000
0.8543707450759191,0.036120233317947247,0.006446723475387936,2000,0.9633293760968433,1.4422781814374583,2.2768853406338603,0.9592502523628514,0.9654807225080668,1.565292237020995,2.464593042844235,0.9614651516854097,0.27241619230737124,transformer,22,val,7000
0.8549707409586235,0.03677471467477437,0.006444667559027653,2000,0.96632841998799,1.395253059132174,2.18179408176851,0.9597653131662823,0.968463747728815,1.5241741936810427,2.355696898621783,0.9619766505615832,0.2733057746042718,transformer,33,val,7000
0.8594330153303449,0.039389643203775936,0.006836503064210309,2000,0.9550121841282401,1.580474057392207,2.72511359191781,0.9588247328901494,0.9575155084530613,1.7260252662822886,2.9777759123021212,0.9616119003415182,0.2686738760071106,transformer,11,test_id,7000
0.8587431482806902,0.039862977832700666,0.0068358672991940235,2000,0.9531034714041222,1.6127502556869706,2.782322728727654,0.9582255643739127,0.9553099586836458,1.7699850295436004,3.0540924409902663,0.9608209454797593,0.2664209126734912,transformer,22,test_id,7000
0.8597988670443429,0.040137566447093945,0.00683483387808965,2000,0.9638116411845894,1.4630195457200565,2.444114791039404,0.9603383376104225,0.965914820294548,1.6137014227337874,2.667224636929126,0.9626930093413983,0.2661130049721242,transformer,33,test_id,7000
0.8696776660186699,0.06374449085920271,0.00852970112775424,2000,0.920362373865144,2.5944431679423534,3.5634808591567597,0.9613717410628901,0.9282023352944632,2.806951741408546,3.829721623430832,0.9603903757976162,0.6931899837250687,transformer,11,test_ood_proto,5000
0.8687854493552656,0.06436677987663632,0.008713333659260154,2000,0.86255024920348,3.2836996619848824,4.681524017639479,0.9549145559404056,0.8796086594683608,3.5359943114682575,4.95917772629166,0.954621783857638,0.6889254015207832,transformer,22,test_ood_proto,5000
0.8696684674188073,0.06251877471519858,0.00870240488915514,2000,0.8836798959106383,3.041843985314941,4.306680644258918,0.9568377776866502,0.8947802776974155,3.343885076132422,4.63618356686845,0.9547697628230971,0.6941322226522938,transformer,33,test_ood_proto,5000
0.839147667948156,0.05093696836171674,0.010695572650760213,2000,0.9454834458161012,2.5194058546889693,4.520772858295505,0.9736889311948129,0.9487379829862508,2.6261322582238082,4.6832105674065705,0.9753894561087101,0.3491016501576911,transformer,11,test_ood_freq,3000
0.8380933066145427,0.05083977653719867,0.010700140168064151,2000,0.9396486085520168,2.6322479453440084,4.756550717319435,0.971114368383788,0.9431021076829463,2.739570522898628,4.93394074377654,0.9728850781457913,0.34717584009698677,transformer,22,test_ood_freq,3000
0.8393269297122061,0.05115538621316291,0.010696099379140777,2000,0.949700647713308,2.386072068918009,4.342398583972038,0.9754117041383713,0.9530726945778388,2.4942488905386186,4.480831870540335,0.9768871878825541,0.34791806064472475,transformer,33,test_ood_freq,3000
0.8576576936323834,0.06842012750757423,0.010692014133612844,2000,0.9490619557621001,2.3212412740765505,3.870367497702969,0.9780939639739212,0.9521285145093747,2.4465660100494695,4.048501738627452,0.9791614927482338,0.5852408329777464,transformer,11,test_ood_int,3000
0.8566217174482931,0.0703592773353279,0.010683947725628242,2000,0.9504227388903512,2.3242412135747528,3.818320121462578,0.9756823690113267,0.9531339455396155,2.450492573727164,4.005761373516619,0.9767956497658777,0.5811080338704736,transformer,22,test_ood_int,3000
0.8578368888451205,0.07010998414160388,0.010683068277699662,2000,0.9569965711341573,2.1133602406716814,3.556170815261219,0.9812277375409858,0.9603041980628744,2.2200378239083265,3.686618244630226,0.9820631662696722,0.5837216980298545,transformer,33,test_ood_int,3000
