split,comparison,p_holm,mae_a,mae_b
test_id,glm vs lstm,0.0,4.074138828822544,1.8140920293898812
test_id,glm vs transformer,0.0,4.074138828822544,1.5026546180361795
test_id,cnn vs glm,0.0,1.073996182260059,4.074138828822544
test_id,cnn vs lstm,1.8364365634063637e-296,1.073996182260059,1.8140920293898812
test_id,cnn vs transformer,1.79667355719043e-169,1.073996182260059,1.5026546180361795
test_id,lstm vs transformer,4.2478808812567455e-73,1.8140920293898812,1.5026546180361795
test_ood_proto,glm vs lstm,0.0,21.64609314778646,2.6280141845703127
test_ood_proto,glm vs transformer,0.0,21.64609314778646,2.902145395914714
test_ood_proto,cnn vs glm,0.0,1.887518705304464,21.64609314778646
test_ood_proto,cnn vs transformer,1.726667788960257e-206,1.887518705304464,2.902145395914714
test_ood_proto,cnn vs lstm,1.8192846003324943e-151,1.887518705304464,2.6280141845703127
test_ood_proto,lstm vs transformer,2.0779347173504523e-05,2.6280141845703127,2.902145395914714
test_ood_freq,glm vs transformer,0.0,6.534804741753471,2.319167219373915
test_ood_freq,cnn vs glm,0.0,1.8073432539833914,6.534804741753471
test_ood_freq,cnn vs lstm,1.623133056391051e-186,1.8073432539833914,4.049520073784723
test_ood_freq,glm vs lstm,1.657218541581808e-112,6.534804741753471,4.049520073784723
test_ood_freq,lstm vs transformer,3.7814440508752914e-92,4.049520073784723,2.319167219373915
test_ood_freq,cnn vs transformer,2.43658683116788e-38,1.8073432539833914,2.319167219373915
test_ood_int,cnn vs glm,0.0,1.6329007226096262,8.455097574869791
test_ood_int,glm vs transformer,2.2272439489583708e-281,8.455097574869791,2.142025007459852
test_ood_int,cnn vs lstm,2.745598804089484e-194,1.6329007226096262,3.784260009765625
test_ood_int,glm vs lstm,4.312389930326039e-151,8.455097574869791,3.784260009765625
test_ood_int,lstm vs transformer,1.2255992050110117e-89,3.784260009765625,2.142025007459852
test_ood_int,cnn vs transformer,2.142240594478978e-35,1.6329007226096262,2.142025007459852
