split,model,n_trials,r2,r2_lo,r2_hi,r2_seed_mean,r2_seed_sd,mae,mae_lo,mae_hi,spearman,spearman_lo,spearman_hi
test_id,glm,7000,0.6875896457842261,0.6402553408761529,0.7339907158480692,0.6786240080581654,0.0114199397575541,4.074138828822544,3.936802934628441,4.215732772100539,0.8919651203655661,0.8854270147290505,0.8984262389573568
test_id,cnn,7000,0.9816679286156689,0.9803761210531878,0.9829469608471353,0.9808287280426834,0.0004251063848690593,1.073996182260059,1.0427885006961368,1.1036386794544404,0.9644845991943305,0.9620948070399828,0.9669445876362018
test_id,lstm,7000,0.93632709692014,0.9283878268096841,0.942800175554661,0.9336891188470814,0.005809603010793088,1.8140920293898812,1.7600367424374534,1.877562293207078,0.9475874926557978,0.9443059069717812,0.9507136731571587
test_id,transformer,7000,0.9609031146320673,0.9587624964021447,0.9630984050139246,0.9573077112999947,0.004661767251159155,1.5026546180361795,1.450175971403576,1.5539020244416735,0.9605145348158486,0.9578534596634606,0.9630416274986461
test_ood_proto,glm,5000,-4.155364207942318,-4.509657772936555,-3.795820452884278,-4.205819086281224,0.3172043090918649,21.64609314778646,21.133197194417317,22.165549212646486,0.7448907918364921,0.7307782972590162,0.7580873033125789
test_ood_proto,cnn,5000,0.9625985331765962,0.9600351851908585,0.96506192392547,0.960912846072662,0.004401610129233425,1.887518705304464,1.842652576497396,1.9306064597002668,0.9806537395172032,0.9789604801796785,0.9820952648221175
test_ood_proto,lstm,5000,0.9150717837877256,0.9097769186360504,0.9201440462776697,0.906546905177026,0.023110423842128268,2.6280141845703127,2.5557933188883464,2.6981983864339187,0.9504522702831543,0.9465125874382859,0.9540238718496656
test_ood_proto,transformer,5000,0.8977883248348089,0.889866972684576,0.9054208750371655,0.8888653913028716,0.023886213470003196,2.902145395914714,2.822084263305664,2.9756079901631676,0.9603163292044639,0.9573629527725145,0.9630815090548102
test_ood_freq,glm,3000,0.5630458076607903,0.43710537357004287,0.6686756000416972,0.53574957827564,0.041619995006855724,6.534804741753471,6.147107031250001,6.9222926072862405,0.9069854571288067,0.8993050937246708,0.9144460094147471
test_ood_freq,cnn,3000,0.9723885988008821,0.9679774425569293,0.9764402078303801,0.9707427849808249,0.0009396625655210275,1.8073432539833914,1.7094818839258619,1.8962027453184127,0.9787152797584048,0.97677065494532,0.9805063881105769
test_ood_freq,lstm,3000,0.851048970987063,0.827687693861699,0.8721282746961864,0.847942674095424,0.0036594803532115864,4.049520073784723,3.8199333309597443,4.278460121663412,0.9401374211339385,0.9341174265060788,0.9455307070014406
test_ood_freq,transformer,3000,0.9536474656733067,0.9358932369412771,0.963336922646268,0.9449458936751949,0.004129332848004568,2.319167219373915,2.2014807336595323,2.436378660583496,0.9761115165280634,0.9737058896078306,0.9782063876653747
test_ood_int,glm,3000,-0.2625750103383304,-0.5548496363566238,-0.0017445588694320635,-0.37054594924443546,0.3417534770499543,8.455097574869791,7.816549960327148,9.108578613281251,0.9013205397406754,0.8919442505839514,0.9090962082990067
test_ood_int,cnn,3000,0.9740725959994514,0.9685746157459502,0.9792284150117013,0.9729858930771572,0.0006091870128384281,1.6329007226096262,1.5564534562958612,1.709400690791342,0.9867176777471828,0.9854206550292028,0.987790961709136
test_ood_int,lstm,3000,0.8365363210819929,0.813718298182229,0.8580638171215513,0.8312892157949648,0.014867935257525246,3.784260009765625,3.5718489162868923,3.985309332614475,0.9475016873510294,0.9421432064070475,0.9523469586874603
test_ood_int,transformer,3000,0.9581756808521192,0.9510859472225871,0.9638825705815751,0.952157641406192,0.003462209770927467,2.142025007459852,2.048465739695231,2.2481078287760417,0.98002849976052,0.9779917621016515,0.9817207771595253
