r2,mae,rmse,spearman,task,model,seed,split,train_sec,auroc,auprc,brier,f1,threshold
0.9897744008940228,0.9768816337909824,1.4498407749677653,0.9712376636834034,count_evoked,hgb,11,train,5.7,,,,,
0.7342965845642123,3.969543499083901,6.128872404579263,0.8732477471790026,count_evoked,hgb,11,val,5.7,,,,,
0.7791287321865505,3.935948872609374,6.038189900057557,0.8649378557652426,count_evoked,hgb,11,test_id,5.7,,,,,
-0.39361687885903973,10.817990113337496,14.906887579355583,0.7360261223352219,count_evoked,hgb,11,test_ood_proto,5.7,,,,,
0.7889753629728,5.793484649816604,8.894367484352221,0.8747256495234043,count_evoked,hgb,11,test_ood_freq,5.7,,,,,
0.7746409987060558,5.412001894422194,8.140826996480596,0.9004649355930096,count_evoked,hgb,11,test_ood_int,5.7,,,,,
0.9905850480112356,0.927469516152155,1.3911853104851104,0.9723055285605425,count_evoked,hgb,22,train,3.5,,,,,
0.7518730119536536,3.8893085881281793,5.922690157869358,0.8799005447573574,count_evoked,hgb,22,val,3.5,,,,,
0.8004254424223002,3.7566621553454502,5.7397072618645675,0.8674428534693249,count_evoked,hgb,22,test_id,3.5,,,,,
-0.4547224662229248,10.894531520957436,15.23019102042012,0.7449688920974865,count_evoked,hgb,22,test_ood_proto,3.5,,,,,
0.7937315380887695,5.699542778461507,8.793563481509834,0.877123229402132,count_evoked,hgb,22,test_ood_freq,3.5,,,,,
0.7864423554000013,5.2269813109396255,7.9248058629255205,0.9049567830358216,count_evoked,hgb,22,test_ood_int,3.5,,,,,
0.9882582206718437,1.0543222871174045,1.5536131392898498,0.969410423270799,count_evoked,hgb,33,train,2.1,,,,,
0.7443319974486677,3.9641466410788246,6.012017010365968,0.8663629925357218,count_evoked,hgb,33,val,2.1,,,,,
0.7840240156593724,3.8655912673689383,5.970901218889862,0.8709224662679241,count_evoked,hgb,33,test_id,2.1,,,,,
-0.5385210559578186,11.311680963556826,15.662713341307109,0.727701064679177,count_evoked,hgb,33,test_ood_proto,2.1,,,,,
0.7933955195106287,5.808711598939134,8.800723078961347,0.875729037246627,count_evoked,hgb,33,test_ood_freq,2.1,,,,,
0.7774383882731617,5.372175384676757,8.090143027457906,0.9026456281796198,count_evoked,hgb,33,test_ood_int,2.1,,,,,
0.991555776973069,1.0029178778314938,1.490170855052644,0.9738265030765151,count_total,hgb,11,train,3.0,,,,,
0.7299769973515164,4.464662162356637,6.8931027273464185,0.872875586690242,count_total,hgb,11,val,3.0,,,,,
0.7807070810122703,4.388790188275653,6.7653318495539185,0.8652384340946616,count_total,hgb,11,test_id,3.0,,,,,
-0.20366098429724522,11.520493260256345,15.680652819698842,0.7381371249139778,count_total,hgb,11,test_ood_proto,3.0,,,,,
0.7899946836444464,6.272853197644536,9.478966413071685,0.8769943249116448,count_total,hgb,11,test_ood_freq,3.0,,,,,
0.7783847499271761,5.8708196839591835,8.710753000260194,0.8980030607240639,count_total,hgb,11,test_ood_int,3.0,,,,,
0.9911849866748086,1.01460427805632,1.5225364693294061,0.9738570877391899,count_total,hgb,22,train,2.6,,,,,
0.7041515126674871,4.635084769638182,7.215211168844249,0.864693361087687,count_total,hgb,22,val,2.6,,,,,
0.7826034941800125,4.3091328768577055,6.7360155297433435,0.8699317946918651,count_total,hgb,22,test_id,2.6,,,,,
-0.24471732109536926,11.518487761314894,15.945840443876648,0.7471622136832579,count_total,hgb,22,test_ood_proto,2.6,,,,,
0.7882509565161943,6.312395196201128,9.518238185621158,0.8789451772842677,count_total,hgb,22,test_ood_freq,2.6,,,,,
0.7814386151005427,5.762344701864406,8.650527577192971,0.9000186483260179,count_total,hgb,22,test_ood_int,2.6,,,,,
0.9912053168568769,1.0301077130372525,1.520779732828905,0.9734540188289751,count_total,hgb,33,train,2.5,,,,,
0.7235389460935726,4.518191246514298,6.974793421916696,0.8663370122202738,count_total,hgb,33,val,2.5,,,,,
0.7834658996672784,4.293655459832403,6.722641466078297,0.8693632744860843,count_total,hgb,33,test_id,2.5,,,,,
-0.2507213468770375,11.710178822120762,15.984252403379086,0.7437494852013854,count_total,hgb,33,test_ood_proto,2.5,,,,,
0.7934958784297131,6.3210287261518605,9.399617948449722,0.8763374307640384,count_total,hgb,33,test_ood_freq,2.5,,,,,
0.7935177806133232,5.639814534567592,8.40808721402289,0.9017697346006267,count_total,hgb,33,test_ood_int,2.5,,,,,
,,,,detection,hgb,11,train,0.0,0.9973250716954487,0.9988034951818237,0.02068658478510655,0.8425117607133663,0.9860053903621389
,,,,detection,hgb,11,val,0.0,0.9560004677011115,0.9778181791339446,0.08014693183188316,0.8433823529411765,0.940780267672049
,,,,detection,hgb,11,test_id,0.0,0.9593051660914582,0.9784786921833173,0.08131421026785055,0.8527055343276223,0.940780267672049
,,,,detection,hgb,11,test_ood_proto,0.0,0.9120279683925971,0.9914029981005583,0.11154951295252001,0.770096463022508,0.940780267672049
,,,,detection,hgb,11,test_ood_freq,0.0,0.9629615275152194,0.986954234277726,0.0713382896888255,0.8769384692346173,0.940780267672049
,,,,detection,hgb,11,test_ood_int,0.0,0.9673207834082443,0.9946575623346324,0.0572638668501499,0.938610662358643,0.940780267672049
,,,,detection,hgb,22,train,0.0,0.9971856802962706,0.998740095271778,0.02117546280574235,0.8424649519039483,0.9855305939146881
,,,,detection,hgb,22,val,0.0,0.9578819100546568,0.9791507592941254,0.07830769446181444,0.8428921568627451,0.9333406233319499
,,,,detection,hgb,22,test_id,0.0,0.9581363693557664,0.9778403140709355,0.08301818049249773,0.8581577658010779,0.9333406233319499
,,,,detection,hgb,22,test_ood_proto,0.0,0.9065775109170306,0.9907971261115878,0.11851913068975273,0.7737284741690028,0.9333406233319499
,,,,detection,hgb,22,test_ood_freq,0.0,0.9573776143681206,0.9849943188372929,0.07515264699812671,0.8753104818678589,0.9333406233319499
,,,,detection,hgb,22,test_ood_int,0.0,0.9658865462860219,0.9944566187434354,0.058755545569126405,0.9428055388320289,0.9333406233319499
,,,,detection,hgb,33,train,0.0,0.9968246994427441,0.9985823779053458,0.022229602699902457,0.8425117607133663,0.9849694132165906
,,,,detection,hgb,33,val,0.0,0.9562110249073767,0.9778345057518903,0.07955653597311815,0.845343137254902,0.9381277147827292
,,,,detection,hgb,33,test_id,0.0,0.9567948303134886,0.9770551471409122,0.08279969069645987,0.8527093596059113,0.9381277147827292
,,,,detection,hgb,33,test_ood_proto,0.0,0.8996834061135371,0.9899871778348188,0.12673653214731953,0.7601565663382372,0.9381277147827292
,,,,detection,hgb,33,test_ood_freq,0.0,0.9592761332688539,0.9855920199229117,0.0718510086648442,0.8639112903225806,0.9381277147827292
,,,,detection,hgb,33,test_ood_int,0.0,0.9660247860086455,0.9944403397016852,0.05805175527317427,0.9398269269470718,0.9381277147827292
