bin_auroc,bin_auprc,bin_brier,n_bin_trials,evoked_r2,evoked_mae,evoked_rmse,evoked_spearman,total_r2,total_mae,total_rmse,total_spearman,psth_r,condition,model,seed,n_train,train_sec,holdout
0.8497128788731783,0.029978265896391403,0.005653435266563857,2000,0.9743863375575009,1.0524795516725232,1.57443065931832,0.9568131782485676,0.9756178166967794,1.164981558280739,1.7460097379052475,0.9613796072063818,0.24980566467045415,oracle,cnn,11,36000,1013.3,som
0.8419762180791698,0.026753307133522922,0.005696099171038453,2000,0.5085583873270939,3.4461033807136143,6.896419341014483,0.9452077968387292,0.4105902813425213,4.338641071179617,8.584579202736295,0.9497868072370069,0.2191864076458244,zero_shot,cnn,11,23989,585.7,som
0.8465792757115163,0.029159792207403997,0.005656341527332401,2000,0.9470711834666175,1.412000464362282,2.2632565668932765,0.9479797433987615,0.9501391975601372,1.55969584944938,2.4968358844218237,0.9518404410133164,0.24597136545690976,few_shot_10,cnn,11,621,52.0,som
0.6753895939416338,0.011919916564883505,0.005747153558919398,2000,-0.20587153130324642,6.881839699671873,10.802846833948783,0.5281577686857786,-0.25282476770078355,7.893650732901129,12.515711131240542,0.5352829665866929,0.10010269739237508,scratch_10,cnn,11,621,47.1,som
0.8487960359460169,0.029650696795167724,0.005655126457880678,2000,0.9543934781966894,1.3632512284193377,2.1008796453968475,0.9561218953824461,0.9555014319333484,1.5448034494365872,2.3587579858237757,0.9599509385810446,0.24819550690589814,finetune_oracle_10,cnn,11,621,33.1,som
0.8472508484476279,0.029279016362002083,0.005656616613299,2000,0.9383288624055505,1.5302401704871547,2.443029308890231,0.9484245979770564,0.9391181482983598,1.740276275730776,2.7590164636445307,0.9525496248162468,0.24249632613430688,few_shot_25,cnn,11,1519,38.7,som
0.7975056650577095,0.021745709209140745,0.005683702361585279,2000,0.6933585744047304,3.5104664045344185,5.447573644557772,0.7848553294080226,0.693941937025941,4.011275186292379,6.186033651790717,0.7848636878374827,0.20340143362916993,scratch_25,cnn,11,1519,124.1,som
0.8493304756077968,0.029845626649511996,0.00565425490793229,2000,0.9647995430441426,1.1990967944176951,1.8457031273854307,0.9558679722407606,0.9645791843652598,1.3703590338232088,2.104455003533727,0.9601149078177629,0.2463713727539037,finetune_oracle_25,cnn,11,1519,28.4,som
0.8485092487293295,0.02968550362021126,0.005654444731908052,2000,0.9662417286213267,1.1909188277615856,1.8074978837350002,0.9520253339841104,0.9667425018752274,1.3275560549850065,2.039178075942329,0.9561674532244501,0.24388431335024532,few_shot_50,cnn,11,3032,45.9,som
0.8434268131581909,0.027816136599286872,0.005660111504664993,2000,0.9302180914521838,1.676105521440381,2.598717787662112,0.9422874629562608,0.9361832157634848,1.8284037091965295,2.824735731647424,0.9468734227831742,0.2324420887867853,scratch_50,cnn,11,3032,180.4,som
0.8494766843712034,0.029835642776409536,0.005653793167749512,2000,0.9704016395487568,1.1050368118961076,1.6924721258543791,0.9560165816943879,0.9720159615896439,1.2326709449074655,1.8705337978951835,0.9606837245948504,0.24746692308358376,finetune_oracle_50,cnn,11,3032,47.4,som
0.848753585599888,0.029940529708796224,0.005653779374405742,2000,0.9697195789645668,1.1362861266541049,1.7118616084069842,0.9521678514206954,0.971578860152242,1.2608942040209816,1.8850857539475137,0.9567402202585599,0.24793745360088645,few_shot_100,cnn,11,6062,129.0,som
0.8477596504001592,0.029236439934146912,0.005655858546501991,2000,0.9675733555906292,1.166382204332919,1.7714899873217376,0.9526711371018535,0.9696756959386572,1.294359710600011,1.9471785954959806,0.9566454918075341,0.24018941000864694,scratch_100,cnn,11,6062,253.9,som
0.8494721331159978,0.03007942453505557,0.00565325347152355,2000,0.9729439979377451,1.081886607779958,1.6181527256796686,0.9552754690875387,0.974541824704779,1.2001457309968189,1.7841197541440554,0.9598044576242222,0.2480889573809359,finetune_oracle_100,cnn,11,6062,128.0,som
0.849476624139474,0.029969650060310427,0.005653859302084054,2000,0.9672104864833535,1.1723142640081723,1.7813743067461882,0.9545216221880116,0.9683939919207291,1.3070346466785079,1.9879029992874717,0.9586742752940908,0.24877838840251293,few_shot_200,cnn,11,12011,164.7,som
0.8492403827001606,0.02985449165584369,0.005654031122453575,2000,0.9717872218909724,1.089314987146168,1.6523826415795078,0.9556035430311042,0.9732770144503379,1.2145331596830482,1.8279017725477804,0.9600747825877004,0.24701536599843119,scratch_200,cnn,11,12011,436.1,som
0.8499010869036492,0.03019024831597262,0.005653300247264878,2000,0.9701897077544123,1.1199367904172794,1.6985205836407686,0.956839045471849,0.9716553645395285,1.2441224403988413,1.8825468953071323,0.96143673371725,0.25019440304967233,finetune_oracle_200,cnn,11,12011,169.9,som
