model,split,alpha,q,coverage,mean_width,ensemble_std,rmse,n,n_seeds,std_ratio_vs_id
cnn,test_id,0.1,2.920050967261906,0.9027142857142857,5.840101934523812,0.23563209096233592,1.7395740689632981,7000,3,1.0
cnn,test_ood_proto,0.1,2.920050967261906,0.7798,5.840101934523812,0.39628580732960306,2.4420783577321643,5000,3,1.6817989676667024
cnn,test_ood_freq,0.1,2.920050967261906,0.8016666666666666,5.840101934523814,0.4624868220764373,3.217308536270876,3000,3,1.9627497264384182
cnn,test_ood_int,0.1,2.920050967261906,0.8316666666666667,5.840101934523813,0.38355516974561077,2.761280896282676,3000,3,1.6277713624623367
glm,test_id,0.1,8.110545200892858,0.8981428571428571,16.22109040178572,0.6105191401278911,7.1812470064513905,7000,3,1.0
glm,test_ood_proto,0.1,8.110545200892858,0.2796,16.221090401785716,1.5788583715423978,28.671139474891646,5000,3,2.5860915207534028
glm,test_ood_freq,0.1,8.110545200892858,0.7836666666666666,16.221090401785716,1.4868525555306404,12.798717208853354,3000,3,2.4353905681305514
glm,test_ood_int,0.1,8.110545200892858,0.77,16.221090401785716,2.35786025997006,19.269021683584814,3000,3,3.8620578864671424
lstm,test_id,0.1,4.5531235119047615,0.8977142857142857,9.106247023809521,0.3875302136242718,3.2420109775808483,7000,3,1.0
lstm,test_ood_proto,0.1,4.5531235119047615,0.819,9.106247023809523,0.8205617048942894,3.6799445833724187,5000,3,2.117413497183116
lstm,test_ood_freq,0.1,4.5531235119047615,0.73,9.106247023809521,0.7270815884311781,7.472574300707815,3000,3,1.8761932950500648
lstm,test_ood_int,0.1,4.5531235119047615,0.7553333333333333,9.106247023809521,0.7848437694396856,6.933327347376928,3000,3,2.0252453662893686
transformer,test_id,0.1,3.4375,0.8714285714285714,6.875,0.43571733605479535,2.540435867932619,7000,3,1.0
transformer,test_ood_proto,0.1,3.4375,0.693,6.875,0.831399800788022,4.037063033757927,5000,3,1.9081173320206521
transformer,test_ood_freq,0.1,3.4375,0.7833333333333333,6.875,1.0638706496431183,4.168552064726221,3000,3,2.4416532499623265
transformer,test_ood_int,0.1,3.4375,0.7983333333333333,6.875,0.8230087872199134,3.507078692392022,3000,3,1.8888594029143995
